Neighborhood,Price,Bedrooms,Bathrooms,House Size,Description,Neighborhood Description
Sunny Meadows,"$750,000",3,2,"1,800 sqft","Enjoy suburban tranquility in this beautiful 3-bedroom home in Sunny Meadows. The house features an open layout, a modern kitchen with energy-efficient appliances, and a cozy living room filled with natural light. A well-manicured garden and spacious backyard provide the perfect space for family gatherings.","Sunny Meadows is known for its friendly community, lush parks, and top-rated schools. Residents enjoy a peaceful atmosphere with easy access to local amenities and shopping centers."
Cedar Grove,"$850,000",4,3,"2,200 sqft","Step into luxury in this elegantly designed 4-bedroom home in Cedar Grove. Featuring a gourmet kitchen, spacious bedrooms with ample closet space, and a master suite with a spa-inspired bath, this residence combines sophistication with comfort.","Cedar Grove is a vibrant neighborhood celebrated for its rich cultural heritage and thriving arts scene. Enjoy local festivals, charming cafes, and boutique shopping at every turn."
Maple Park,"$1,100,000",5,4,"3,000 sqft","Experience the grandeur of this spacious 5-bedroom, 4-bathroom home in Maple Park. Designed with a blend of traditional and modern aesthetics, the property features a grand foyer, high ceilings, and an expansive living area perfect for entertaining guests.","Maple Park boasts tree-lined streets, historic architecture, and a lively community spirit. Its central park and nearby cultural landmarks make it a desirable locale for families and professionals alike."
Pine Ridge,"$900,000",4,3,"2,400 sqft","This charming 4-bedroom, 3-bathroom home in Pine Ridge is a perfect blend of rustic charm and modern convenience. With an open-concept layout, hardwood floors, and a large backyard, this property offers both comfort and style.","Pine Ridge is celebrated for its scenic beauty, hiking trails, and a strong sense of community. The neighborhood features local farmers markets, community events, and a serene, rural atmosphere."
Oceanview Estates,"$1,500,000",4,3,"2,800 sqft","Welcome to Oceanview Estates, where luxury meets coastal living. This exquisite 4-bedroom, 3-bathroom property offers panoramic ocean views, a contemporary open layout, and high-end finishes throughout. Step outside to your private terrace and experience breathtaking sunsets.","Oceanview Estates is a prestigious community offering exclusive beach access, upscale dining, and boutique shopping. Residents enjoy a blend of coastal serenity and modern amenities in this highly sought-after neighborhood."
Mountain Vista,"$1,300,000",4,3,"2,600 sqft","Set against the backdrop of stunning mountain ranges, this 4-bedroom, 3-bathroom home in Mountain Vista offers a perfect retreat from the hustle and bustle. The home features a spacious living area, large windows capturing breathtaking views, and a modern kitchen designed for entertaining.","Mountain Vista is a picturesque community known for its outdoor recreational opportunities, including hiking, skiing, and nature trails. The neighborhood exudes a peaceful, nature-inspired vibe while providing easy access to modern conveniences."
Green Oaks,"$800,000",3,2,"2,000 sqft","Welcome to this eco-friendly oasis nestled in the heart of Green Oaks. This charming 3-bedroom, 2-bathroom home boasts energy-efficient features such as solar panels and a well-insulated structure. Natural light floods the living spaces, highlighting the beautiful hardwood floors and eco-conscious finishes. The open-concept kitchen and dining area lead to a spacious backyard with a vegetable garden, perfect for the eco-conscious family. Embrace sustainable living without compromising on style in this Green Oaks gem.","Green Oaks is a close-knit, environmentally-conscious community with access to organic grocery stores, community gardens, and bike paths. Take a stroll through the nearby Green Oaks Park or grab a cup of coffee at the cozy Green Bean Cafe. With easy access to public transportation and bike lanes, commuting is a breeze."
Sunset Ridge,"$950,000",4,3,"2,500 sqft","Experience luxury living at Sunset Ridge. This stunning 4-bedroom, 3-bathroom home offers modern amenities and breathtaking views of the sunset over rolling hills. The open-plan living and dining areas are perfect for entertaining, and the gourmet kitchen is a chef's delight. Relax in the spacious master suite with a spa-like bathroom and enjoy outdoor living on the expansive patio.","Sunset Ridge is an upscale neighborhood known for its serene atmosphere, scenic vistas, and active community lifestyle. Enjoy nearby parks, exclusive clubs, and gourmet dining options that cater to a refined taste in living."
Lakeside Village,"$1,200,000",5,4,"3,200 sqft","Discover lakeside elegance in this exquisite 5-bedroom, 4-bathroom residence located in the heart of Lakeside Village. The home boasts panoramic lake views, an open living space with high ceilings, and contemporary design elements. Enjoy a modern kitchen equipped with top-of-the-line appliances, a cozy fireplace, and an inviting outdoor deck perfect for relaxation and entertainment.","Lakeside Village is a vibrant community built around the natural beauty of its lake. With a rich array of water sports, walking trails, and lakeside dining, it offers an active, yet relaxed lifestyle in a picturesque setting."
Urban Heights,"$650,000",2,2,"1,400 sqft","Welcome to Urban Heights, a chic and contemporary home perfect for modern living. This stylish 2-bedroom, 2-bathroom condo offers sleek finishes, an open floor plan, and plenty of natural light. With a focus on urban convenience and comfort, this property features high-end appliances, smart home technology, and a balcony with city views.","Urban Heights is located in the heart of the city, surrounded by trendy cafes, boutique shops, and cultural hotspots. Enjoy a vibrant urban lifestyle with easy access to public transportation, nightlife, and modern amenities designed for the contemporary resident."
